Original,Scramble
women/1-original.jpg,women/1-scramble.jpg
women/10-original.jpg,women/10-scramble.jpg
women/11-original.jpg,women/11-scramble.jpg
women/12-original.jpg,women/12-scramble.jpg
women/13-original.jpg,women/13-scramble.jpg
women/14-original.jpg,women/14-scramble.jpg
women/15-original.jpg,women/15-scramble.jpg
women/16-original.jpg,women/16-scramble.jpg
women/17-original.jpg,women/17-scramble.jpg
women/18-original.jpg,women/18-scramble.jpg
women/19-original.jpg,women/19-scramble.jpg
women/2-original.jpg,women/2-scramble.jpg
women/20-original.jpg,women/20-scramble.jpg
women/21-original.jpg,women/21-scramble.jpg
women/22-original.jpg,women/22-scramble.jpg
women/23-original.jpg,women/23-scramble.jpg
women/24-original.jpg,women/24-scramble.jpg
women/25-original.jpg,women/25-scramble.jpg
women/26-original.jpg,women/26-scramble.jpg
women/27-original.jpg,women/27-scramble.jpg
women/28-original.jpg,women/28-scramble.jpg
women/29-original.jpg,women/29-scramble.jpg
women/3-original.jpg,women/3-scramble.jpg
women/30-original.jpg,women/30-scramble.jpg
women/31-original.jpg,women/31-scramble.jpg
women/32-original.jpg,women/32-scramble.jpg
women/4-original.jpg,women/4-scramble.jpg
women/5-original.jpg,women/5-scramble.jpg
women/6-original.jpg,women/6-scramble.jpg
women/7-original.jpg,women/7-scramble.jpg
women/8-original.jpg,women/8-scramble.jpg
women/9-original.jpg,women/9-scramble.jpg
